Arm Circumference (cm),0.8103844004789255
Insulin (μU/mL),0.040875527115266964
Gender_2.0,0.03115876814793914
Doctor ever said you were overweight_2.0,0.029189791505814324
Age in years,0.021177503137807856
Total Cholesterol (mg/dL),0.01740081324420424
Triglyceride (mg/dL),0.01730376023928563
Glycohemoglobin (%)  (AIC),0.01692258891652584
Direct HDL-Cholesterol (mg/dL),0.015586847214230478
