Model,Best CV Score,Test Score,No. of selected vars
RandomForestRegressor,0.8244253125100371,0.8383709555878512,9
Lasso,0.829500666790632,0.8122516357877473,9
KNeighborsRegressor,0.7758108574735612,0.7807030743346426,9
Ridge,0.8312870974383024,0.7797182142914697,9
LinearRegression,0.8312857045341258,0.7792660642839702,9
SVR,0.8246011392109066,0.7687493042971011,9
DecisionTreeRegressor,0.6961822073266044,0.697704832270089,9
DummyRegressor,-0.002128263105927619,-8.850251860281766e-05,9
