Model,Best CV Score,Test Score,No. of selected vars
LogisticRegression,0.857594048439814,0.757393807066296,28
LinearDiscriminantAnalysis,0.8524610154305277,0.742126505226942,28
QuadraticDiscriminantAnalysis,0.8024045234559176,0.7264291385470425,28
DecisionTreeClassifier,0.6597509713580149,0.6214106126769883,28
RandomForestClassifier,0.8415051477650323,0.6158363107053063,30
KNeighborsClassifier,0.8292257304130404,0.5250595474394602,30
DummyClassifier,0.5,0.5,28
