Model,Best CV Score,Test Score,No. of selected vars
RandomForestClassifier,0.9194536592520564,0.8521403996294826,1
DecisionTreeClassifier,0.9177674508781554,0.8521403996294826,1
KNeighborsClassifier,0.9248433371162138,0.8269319835913723,1
LogisticRegression,0.927405169294708,0.766904856424507,1
QuadraticDiscriminantAnalysis,0.9214123341154444,0.766904856424507,1
LinearDiscriminantAnalysis,0.927405169294708,0.7252381897578404,1
DummyClassifier,0.5,0.5,1
