Model,Best CV Score,Test Score,No. of selected vars
LogisticRegression,0.9379456421506365,0.8642483789863702,20
LinearDiscriminantAnalysis,0.93936915990814,0.8418023025009925,20
RandomForestClassifier,0.943573093197652,0.8231441048034934,20
DecisionTreeClassifier,0.8076531739643104,0.8176194256980283,20
QuadraticDiscriminantAnalysis,0.8999230275481004,0.7929072383220854,20
KNeighborsClassifier,0.926003104247699,0.6296645494243748,20
DummyClassifier,0.5,0.5,20
